source,author,title,description,url,urlToImage,publishedAt,content
"{'id': None, 'name': 'Biztoc.com'}",breakingthenews.net,Asia-Pacific mostly higher after data,"Major stock markets across the Asia-Pacific region traded mostly with gains during the afternoon session on Thursday following the release of economic data from Japan and Australia.At the same time, m...",https://biztoc.com/x/23ad8139c14db7ca,https://biztoc.com/cdn/23ad8139c14db7ca_s.webp,2025-07-17T05:30:38Z,"Major stock markets across the Asia-Pacific region traded mostly with gains during the afternoon session on Thursday following the release of economic data from Japan and Australia.At the same time, … [+69 chars]"
"{'id': None, 'name': 'Biztoc.com'}",bloomberg.com,Ultra-Rare Metal Rides AI Boom as Commodities Star Performer,,https://biztoc.com/x/59f50693f0aa074d,https://biztoc.com/cdn/59f50693f0aa074d_s.webp,2025-07-17T05:30:31Z,"{ window.open(this.href, '_blank'); }, 200); return false;""&gt;Why are Meta shareholders suing Mark Zuckerberg? { window.open(this.href, '_blank'); }, 200); return false;""&gt;How will JPMorgan's new … [+783 chars]"
"{'id': 'the-times-of-india', 'name': 'The Times of India'}",ET Online,"Samsung Galaxy S26 Ultra: Expected launch date, price in India, design, camera upgrades, specs & leaks; everything you need to know","Samsung Galaxy S26 Ultra is creating buzz. Leaks suggest a January 2026 launch in India. The price could start at ₹1,59,990. Design enhancements include a cleaner rear panel and increased screen-to-body ratio. A 200MP Sony camera might replace the ISOCELL sen…",https://economictimes.indiatimes.com/news/new-updates/samsung-galaxy-s26-ultra-expected-launch-date-price-in-india-design-camera-upgrades-specs-leaks-everything-you-need-to-know/articleshow/122616036.cms,"https://img.etimg.com/thumb/msid-122616154,width-1200,height-630,imgsize-8686,overlay-economictimes/articleshow.jpg",2025-07-17T05:30:26Z,"Investment Ideas
Grow your wealth with stock ideas &amp; sectoral trends.
Stock Reports Plus
Buy low &amp; sell high with access to Stock Score, Upside potential &amp; more. 
BigBull Porfolio
Ge… [+438 chars]"
"{'id': 'the-times-of-india', 'name': 'The Times of India'}",Riya Sharma,Waaree Renewable shares rally 30% in 3 days ahead of Q1 results,"Waaree Renewable's share price has rallied nearly 30% in three days ahead of its Q1FY26 results, surging past Rs 1,200 for the first time in months. The surge is supported by improving sentiment in the renewable energy sector ahead of the company's Q1 earning…",https://economictimes.indiatimes.com/markets/stocks/news/waaree-renewable-shares-rally-30-in-3-days-ahead-of-q1-results/articleshow/122616122.cms,"https://img.etimg.com/thumb/msid-122616086,width-1200,height-630,imgsize-93168,overlay-etmarkets/articleshow.jpg",2025-07-17T05:29:11Z,"Shares of Waaree Renewable Technologies surged as much as 5.2% on Thursday to Rs 1,265.80, extending their three-day rally to 29.8%, as positioned ahead of the companys June-quarter results scheduled… [+2098 chars]"
"{'id': 'the-times-of-india', 'name': 'The Times of India'}",ETMarkets.com,Share market update: Most active stocks on D-Street today in terms of volume,The NSE Nifty index was trading 49.46 points  down  at 25162.6,https://economictimes.indiatimes.com/markets/stocks/stock-watch/share-market-update-most-active-stocks-on-d-street-today-in-terms-of-volume/articleshow/122616053.cms,"https://img.etimg.com/thumb/msid-83209716,width-1200,height-630,imgsize-107089,overlay-etmarkets/articleshow.jpg",2025-07-17T05:27:41Z,"(What's moving Sensex and Nifty Track latest market news, stock tips, Budget 2025, Share Market on Budget 2025 and expert advice, on ETMarkets. Also, ETMarkets.com is now on Telegram. For fastest new… [+330 chars]"
"{'id': None, 'name': 'Pypi.org'}",support@skydeck.ai,mseep-hkopenai.hk-finance-mcp-server added to PyPI,Hong Kong Finance MCP Server providing financial data tools,https://pypi.org/project/mseep-hkopenai-hk-finance-mcp-server/,,2025-07-17T05:27:30Z,"A required part of this site couldnt load. This may be due to a browser
 extension, network issues, or browser settings. Please check your
 connection, disable any ad blockers, or try using a diffe… [+12 chars]"
"{'id': None, 'name': 'Pypi.org'}",support@skydeck.ai,mseep-hkopenai.hk-finance-mcp-server 0.1.7,Hong Kong Finance MCP Server providing financial data tools,https://pypi.org/project/mseep-hkopenai-hk-finance-mcp-server/0.1.7/,,2025-07-17T05:27:30Z,"A required part of this site couldnt load. This may be due to a browser
 extension, network issues, or browser settings. Please check your
 connection, disable any ad blockers, or try using a diffe… [+12 chars]"
"{'id': None, 'name': 'ETF Daily News'}",MarketBeat News,DENTSPLY SIRONA Q2 EPS Estimate Lifted by Leerink Partnrs,"DENTSPLY SIRONA Inc. (NASDAQ:XRAY – Free Report) – Leerink Partnrs upped their Q2 2025 earnings per share (EPS) estimates for shares of DENTSPLY SIRONA in a report released on Monday, July 14th. Leerink Partnrs analyst M. Cherny now anticipates that the medic…",https://www.etfdailynews.com/2025/07/17/dentsply-sirona-q2-eps-estimate-lifted-by-leerink-partnrs/,https://www.americanbankingnews.com/wp-content/timthumb/timthumb.php?src=https://www.marketbeat.com/logos/dentsply-sirona-inc-logo-1200x675.jpg?v=20221111142251&w=240&h=240&zc=2,2025-07-17T05:27:05Z,"DENTSPLY SIRONA Inc. (NASDAQ:XRAY – Free Report) – Leerink Partnrs upped their Q2 2025 earnings per share (EPS) estimates for shares of DENTSPLY SIRONA in a report released on Monday, July 14th. Leer… [+5451 chars]"
"{'id': 'the-times-of-india', 'name': 'The Times of India'}",ET Online,"What she ate, how she lived - How the Russian woman spent 8 years in a cave in a forest near a popular tourist place in Karnataka","In Karnataka's Uttara Kannada district, Nina Kutina, a Russian woman, and her two daughters were found living in a secluded cave. Kutina, drawn to Hindu beliefs, overstayed her visa after arriving in 2016. For two months, they resided in Ramatirtha hills, par…",https://economictimes.indiatimes.com/magazines/panache/what-she-ate-how-she-lived-how-the-russian-woman-spent-8-years-in-a-cave-in-a-forest-near-a-popular-tourist-place-in-karnataka/articleshow/122615557.cms,"https://img.etimg.com/thumb/msid-122615887,width-1200,height-630,imgsize-50394,overlay-etpanache/articleshow.jpg",2025-07-17T05:25:21Z,"In an astonishing revelation from the Ramatirtha forested region of Kumta taluk, in Karnatakas Uttara Kannada district, a 40-year-old Russian woman named Nina Kutinaalso known locally as Mohiwas disc… [+3539 chars]"
"{'id': None, 'name': 'ETF Daily News'}",MarketBeat News,Cake Box (LON:CBOX) Receives House Stock Rating from Shore Capital,"Cake Box (LON:CBOX – Get Free Report)‘s stock had its “house stock” rating reaffirmed by analysts at Shore Capital in a report released on Tuesday, MarketBeat reports. Cake Box Stock Down 4.2% CBOX opened at GBX 179.70 ($2.41) on Tuesday. The business has a 5…",https://www.etfdailynews.com/2025/07/17/cake-box-loncbox-receives-house-stock-rating-from-shore-capital/,https://www.americanbankingnews.com/wp-content/timthumb/timthumb.php?src=https://www.marketbeat.com/logos/cake-box-holdings-plc-logo-1200x675.png?v=20240611124848&w=240&h=240&zc=2,2025-07-17T05:23:08Z,"Cake Box (LON:CBOX – Get Free Report)‘s stock had its “house stock” rating reaffirmed by analysts at Shore Capital in a report released on Tuesday, MarketBeat reports.
Cake Box Stock Down 4.2%
CBOX… [+1498 chars]"
"{'id': 'the-times-of-india', 'name': 'The Times of India'}",ETMarkets.com,Stock market update: Nifty Realty index advances 1.17% in a weak market,The Nifty Realty index was trading 1.17 per cent  up  at 1000.45.,https://economictimes.indiatimes.com/markets/stocks/stock-watch/stock-market-update-nifty-realty-index-advances-1-17-in-a-weak-market/articleshow/122615843.cms,"https://img.etimg.com/thumb/msid-81699096,width-1200,height-630,imgsize-194573,overlay-etmarkets/articleshow.jpg",2025-07-17T05:22:33Z,"NEW DELHI: The Nifty Realty index traded positive around 10:52AM(IST)on Thursday in a weak market. Prestige Estates Projects Ltd.(up 3.34 per cent), Sobha Ltd.(up 2.08 per cent), Godrej Properties Lt… [+995 chars]"
"{'id': None, 'name': 'Naftemporiki.gr'}",Γιάννα Βαρδαλαχάκη,METLEN honors its people in the new campaign “We are METLEN”,"METLEN, a global company with a Greek heart, is launching its new campaign titled “We are METLEN.”
With operations in over 40 countries, a workforce of more than 9,000 employees,…
METLEN honors its people in the new campaign “We are METLEN” - Η ΝΑΥΤΕΜΠΟΡΙΚΗ",https://www.naftemporiki.gr/english/1982509/metlen-honors-its-people-in-the-new-campaign-we-are-metlen/,https://www.naftemporiki.gr/wp-content/uploads/2025/07/WeareMETLEN_2.jpg,2025-07-17T05:21:24Z,"METLEN, a global company with a Greek heart, is launching its new campaign titled “We are METLEN.”
With operations in over 40 countries, a workforce of more than 9,000 employees, and nearly 300 proj… [+680 chars]"
"{'id': None, 'name': 'The Conversation Africa'}","Aidy Halimanjaya, Associate lecturer, Universitas Katolik Parahyangan",From coal to crops: Dayak women lead a just transition through backyard farming,Indigenous Dayak women are starting to cultivate chili peppers and lead a just energy transition through backyard farming,https://theconversation.com/from-coal-to-crops-dayak-women-lead-a-just-transition-through-backyard-farming-260827,https://images.theconversation.com/files/679050/original/file-20250614-56-pjikor.jpeg?ixlib=rb-4.1.0&rect=19%2C647%2C4077%2C2038&q=45&auto=format&w=1356&h=668&fit=crop,2025-07-17T05:21:22Z,"The global shift toward renewable energy is no longer a choice but a necessity: the climate crisis intensifies, with 2024 confirmed as the warmest year on record.
Yet in Indonesia, coal remains an e… [+5847 chars]"
"{'id': None, 'name': 'ETF Daily News'}",MarketBeat News,Investors Buy Large Volume of Direxion Daily Semiconductors Bear 3x Shares Call Options (NYSEARCA:SOXS),"Direxion Daily Semiconductors Bear 3x Shares (NYSEARCA:SOXS – Get Free Report) was the target of unusually large options trading activity on Wednesday. Investors acquired 62,387 call options on the stock. This represents an increase of approximately 34% compa…",https://www.etfdailynews.com/2025/07/17/investors-buy-large-volume-of-direxion-daily-semiconductors-bear-3x-shares-call-options-nysearcasoxs/,https://www.americanbankingnews.com/wp-content/timthumb/timthumb.php?src=https://www.marketbeat.com/logos/direxion-daily-semiconductors-bear-3x-shares-logo-1200x675.png?v=20220913114702&w=240&h=240&zc=2,2025-07-17T05:21:05Z,"Direxion Daily Semiconductors Bear 3x Shares (NYSEARCA:SOXS – Get Free Report) was the target of unusually large options trading activity on Wednesday. Investors acquired 62,387 call options on the s… [+2185 chars]"
"{'id': None, 'name': 'ETF Daily News'}",MarketBeat News,American Superconductor (NASDAQ:AMSC) Upgraded to “Buy” at Wall Street Zen,American Superconductor (NASDAQ:AMSC – Get Free Report) was upgraded by Wall Street Zen from a “hold” rating to a “buy” rating in a research report issued to clients and investors on Tuesday. American Superconductor Price Performance Shares of AMSC opened at …,https://www.etfdailynews.com/2025/07/17/american-superconductor-nasdaqamsc-upgraded-to-buy-at-wall-street-zen-2/,https://www.americanbankingnews.com/wp-content/timthumb/timthumb.php?src=https://www.marketbeat.com/logos/american-superconductor-co-logo-1200x675.png?v=20240524064434&w=240&h=240&zc=2,2025-07-17T05:21:05Z,"American Superconductor (NASDAQ:AMSC – Get Free Report) was upgraded by Wall Street Zen from a “hold” rating to a “buy” rating in a research report issued to clients and investors on Tuesday.
Americ… [+4369 chars]"
"{'id': None, 'name': 'ETF Daily News'}",MarketBeat News,JPMorgan Chase & Co. Has Lowered Expectations for Oxford Biomedica (LON:OXB) Stock Price,"Oxford Biomedica (LON:OXB – Get Free Report) had its target price reduced by research analysts at JPMorgan Chase & Co. from GBX 490 ($6.58) to GBX 400 ($5.37) in a note issued to investors on Tuesday, MarketBeat reports. The firm currently has a “neutral” rat…",https://www.etfdailynews.com/2025/07/17/jpmorgan-chase-co-has-lowered-expectations-for-oxford-biomedica-lonoxb-stock-price/,https://www.americanbankingnews.com/wp-content/timthumb/timthumb.php?src=https://www.marketbeat.com/logos/oxford-biomedica-plc-logo-1200x675.png?v=20240606110116&w=240&h=240&zc=2,2025-07-17T05:20:59Z,Oxford Biomedica (LON:OXB – Get Free Report) had its target price reduced by research analysts at JPMorgan Chase &amp; Co. from GBX 490 ($6.58) to GBX 400 ($5.37) in a note issued to investors on Tue… [+1800 chars]
"{'id': None, 'name': 'ETF Daily News'}",MarketBeat News,"Fresnillo (LON:FRES) Given New GBX 1,850 Price Target at JPMorgan Chase & Co.","Fresnillo (LON:FRES – Get Free Report) had its price target lifted by investment analysts at JPMorgan Chase & Co. from GBX 1,450 ($19.46) to GBX 1,850 ($24.83) in a note issued to investors on Tuesday, Marketbeat reports. The brokerage presently has an “overw…",https://www.etfdailynews.com/2025/07/17/fresnillo-lonfres-given-new-gbx-1850-price-target-at-jpmorgan-chase-co/,https://www.americanbankingnews.com/wp-content/timthumb/timthumb.php?src=https://www.marketbeat.com/logos/fresnillo-logo-1200x675.jpg&w=240&h=240&zc=2,2025-07-17T05:20:53Z,"Fresnillo (LON:FRES – Get Free Report) had its price target lifted by investment analysts at JPMorgan Chase &amp; Co. from GBX 1,450 ($19.46) to GBX 1,850 ($24.83) in a note issued to investors on Tu… [+2484 chars]"
"{'id': None, 'name': 'Biztoc.com'}",reuters.com,"Swatch half-year sales miss estimates, dragged by low demand in China",,https://biztoc.com/x/a3277cae2ad9f66e,https://biztoc.com/cdn/a3277cae2ad9f66e_s.webp,2025-07-17T05:20:04Z,"{ window.open(this.href, '_blank'); }, 200); return false;""&gt;Why are Meta shareholders suing Mark Zuckerberg? { window.open(this.href, '_blank'); }, 200); return false;""&gt;How will JPMorgan's new … [+795 chars]"
"{'id': None, 'name': 'Biztoc.com'}",fortune.com,NTT DC REIT’s flat trading debut shows Singapore’s struggle to revive a ‘lackluster’ stock market,"NTT DC REIT’s IPO was supposed to be a shot in the arm for Singapore’s flagging equity market, decried by analysts as “lackluster” due to its lack of growth stocks and tiny number of listings. NTT’s IPO had everything: It was oversubscribed, boasted sovereign…",https://biztoc.com/x/d1b22a60a2dac710,https://biztoc.com/cdn/d1b22a60a2dac710_s.webp,2025-07-17T05:19:50Z,"NTT DC REITs IPO was supposed to be a shot in the arm for Singapores flagging equity market, decried by analysts as lackluster due to its lack of growth stocks and tiny number of listings. NTTs IPO h… [+133 chars]"
"{'id': None, 'name': 'Freerepublic.com'}",Scottsdale Mint,US Metal War: Silver Becomes Strategic as Premiums Explode,"A Sudden Dislocation in the Silver Market July opened with an alarm bell. The Exchange for Physical (EFP) premium for silver, which reflects the cost of converting COMEX futures into deliverable metal, surged from near-zero levels to between 60 and 80 cents p…",https://freerepublic.com/focus/f-news/4329120/posts,,2025-07-17T05:19:49Z,"Skip to comments.
US Metal War: Silver Becomes Strategic as Premiums ExplodeScottsdale Mint ^
 | 15 July 25
 | Vince Lanci
Posted on 07/16/2025 10:19:49 PM PDT by delta7
A Sudden Dislocation in … [+5285 chars]"
"{'id': None, 'name': 'Biztoc.com'}",reuters.com,"Novartis slightly raises 2025 earnings forecast, citing strong Q2",,https://biztoc.com/x/f3597a33a42c4014,https://biztoc.com/cdn/f3597a33a42c4014_s.webp,2025-07-17T05:19:30Z,"{ window.open(this.href, '_blank'); }, 200); return false;""&gt;Why are Meta shareholders suing Mark Zuckerberg? { window.open(this.href, '_blank'); }, 200); return false;""&gt;How will JPMorgan's new … [+805 chars]"
"{'id': None, 'name': 'Economictimes.com'}",Reuters,Dollar’s slide set to boost U.S. multinationals' earnings,"Recent months have seen the U.S. Dollar Index fall nearly 10%—with half that drop occurring since early April. This sharp decline is expected to benefit American multinational companies, which previously suffered from a strong dollar that reduced the value of…",https://m.economictimes.com/markets/stocks/news/dollars-slide-set-to-boost-u-s-multinationals-earnings/dollars-decline-set-to-boost-u-s-multinationals/slideshow/122616030.cms,"https://img.etimg.com/thumb/msid-122616030,width-1070,height-580,overlay-etmarkets/slideshow.jpg",2025-07-17T05:19:29Z,"Jul 17, 2025, 10:56:49 AM IST
Recent months have seen the U.S. Dollar Index fall nearly 10%—with half that drop occurring since early April. This sharp decline is expected to benefit American multin… [+1523 chars]"
"{'id': None, 'name': 'Biztoc.com'}",barrons.com,Netflix Looks to Keep Up Its Hot Streak in the Second Quarter,,https://biztoc.com/x/4b6c7910b45cfa5b,https://biztoc.com/cdn/4b6c7910b45cfa5b_s.webp,2025-07-17T05:19:29Z,"{ window.open(this.href, '_blank'); }, 200); return false;""&gt;Why are Meta shareholders suing Mark Zuckerberg? { window.open(this.href, '_blank'); }, 200); return false;""&gt;How will JPMorgan's new … [+727 chars]"
"{'id': None, 'name': 'Biztoc.com'}",investing.com,European real estate stuck in 'zombieland' as recovery proves elusive,,https://biztoc.com/x/6e15e576f749d1ba,https://biztoc.com/cdn/6e15e576f749d1ba_s.webp,2025-07-17T05:19:24Z,"{ window.open(this.href, '_blank'); }, 200); return false;""&gt;Why are Meta shareholders suing Mark Zuckerberg? { window.open(this.href, '_blank'); }, 200); return false;""&gt;How will JPMorgan's new … [+784 chars]"
"{'id': None, 'name': 'ETF Daily News'}",MarketBeat News,YieldMax NVDA Option Income Strategy ETF Sees Unusually Large Options Volume (NYSEARCA:NVDY),"YieldMax NVDA Option Income Strategy ETF (NYSEARCA:NVDY – Get Free Report) was the recipient of some unusual options trading on Wednesday. Stock investors bought 53,962 call options on the company. This is an increase of approximately 2,217% compared to the t…",https://www.etfdailynews.com/2025/07/17/yieldmax-nvda-option-income-strategy-etf-sees-unusually-large-options-volume-nysearcanvdy/,https://www.americanbankingnews.com/wp-content/timthumb/timthumb.php?src=https://www.marketbeat.com/logos/yieldmax-nvda-option-income-strategy-etf-logo-1200x675.jpg?v=20250207134949&w=240&h=240&zc=2,2025-07-17T05:19:00Z,"YieldMax NVDA Option Income Strategy ETF (NYSEARCA:NVDY – Get Free Report) was the recipient of some unusual options trading on Wednesday. Stock investors bought 53,962 call options on the company. T… [+2403 chars]"
"{'id': None, 'name': 'BusinessLine'}",Madhu Balaji,ITC Hotels volatile after early 3% gain on strong Q1; brokerages hike target prices,"ITC Hotels stock rises 3% in early trade as Q1 net profit surges 53%, Jefferies and Macquarie lift target to ₹270.",https://www.thehindubusinessline.com/markets/stock-markets/itc-hotels-volatile-after-early-3-gain-on-strong-q1-jefferies-and-macquarie-hike-target-prices/article69821910.ece,https://bl-i.thgim.com/public/incoming/7x4ztv/article69821928.ece/alternates/LANDSCAPE_1200/IMG_exterior-dusk_2_1_949QVG9C.jpg,2025-07-17T05:18:55Z,ITC Hotels stock fluctuated on Thursday after soaring 3 per cent in early trade. This followed a 53.4 per cent y-o-y increase in its consolidated net profit to 133.71 crore for the first quarter this… [+1087 chars]
"{'id': 'the-times-of-india', 'name': 'The Times of India'}",Ritesh Presswala,AWL Agri Business shares surge over 6% on record Q1 revenue,"AWL Agri Business reported its highest-ever Q1 revenue at Rs 17,059 crore, driven by strong edible oil performance. Despite a 24% YoY profit decline, robust top-line growth and retail expansion boosted investor sentiment in Thursday’s trade.",https://economictimes.indiatimes.com/markets/stocks/news/awl-agri-business-shares-surge-over-6-on-record-q1-revenue/articleshow/122615647.cms,"https://img.etimg.com/thumb/msid-122615641,width-1200,height-630,imgsize-3730,overlay-etmarkets/articleshow.jpg",2025-07-17T05:17:39Z,"Shares of AWL Agri Business surged 6.20% to Rs 278 apiece on the BSE in Thursdays trade after the company reported its highest-ever quarterly revenue in the June '25 quarter, signalling strong underl… [+2178 chars]"
"{'id': None, 'name': 'Yahoo Entertainment'}",Ramish Cheema,"KLA Corporation (KLAC) Is One Of The Most Important Companies In America, Says Jim Cramer",We recently published 11 Stocks Jim Cramer Just Discussed As He Shared Why Stocks Are Rising. KLA Corporation (NASDAQ:KLAC) is one of the stocks Jim Cramer...,https://finance.yahoo.com/news/kla-corporation-klac-one-most-051559427.html,https://s.yimg.com/ny/api/res/1.2/D5jczb3wdw.bauSlPoj4gw--/YXBwaWQ9aGlnaGxhbmRlcjt3PTEyMDA7aD02NzM-/https://media.zenfs.com/en/insidermonkey.com/43fb7a3cc803e4b72c713e3ce6039cb5,2025-07-17T05:15:59Z,"We recently published 11 Stocks Jim Cramer Just Discussed As He Shared Why Stocks Are Rising. KLA Corporation (NASDAQ:KLAC) is one of the stocks Jim Cramer recently discussed.
KLA Corporation (NASDA… [+2094 chars]"
"{'id': None, 'name': 'Nep123.com'}",Editor,"Okay, here’s a long, casual, SEO-friendly English title:
Big News! The Dry Port in Birgunj Has Officially Merged With the Customs Office Starting Today, Meaning Easier Import and Export Processes and What You Need to Know!","Big News! Birgunj Dry Port Now Integrated with Customs Department! Hey everyone! Nepali customs news just dropped, and it’s pretty significant for importers and exporters in Nepal! The Birgunj Dry Port, a crucial piece of infrastructure for international trad…",https://nep123.com/okay-heres-a-long-casual-seo-friendly-english-titlebig-news-the-dry-port-in-birgunj-has-officially-merged-with-the-customs-office-starting-today-meaning-easier-import-and-export-processes-and/,https://nep123.com/wp-content/uploads/2025/07/city_road_ghanta.jpg,2025-07-17T05:15:58Z,"Hey everyone! Nepali customs news just dropped, and it’s pretty significant for importers and exporters in Nepal! The Birgunj Dry Port, a crucial piece of infrastructure for international trade, has … [+1848 chars]"
"{'id': None, 'name': 'Yahoo Entertainment'}",Ramish Cheema,"Applied Materials, Inc. (AMAT) “Is About To Have A Renaissance,” Says Jim Cramer","We recently published 11 Stocks Jim Cramer Just Discussed As He Shared Why Stocks Are Rising. Applied Materials, Inc. (NASDAQ:AMAT) is one of the stocks Jim ...",https://finance.yahoo.com/news/applied-materials-inc-amat-renaissance-051550517.html,https://s.yimg.com/ny/api/res/1.2/wOy2B3.sxGrI54JnwY_E9w--/YXBwaWQ9aGlnaGxhbmRlcjt3PTEyMDA7aD02NzM-/https://media.zenfs.com/en/insidermonkey.com/207b5aad170b9e2a9fb492aaeaf0539a,2025-07-17T05:15:50Z,"We recently published 11 Stocks Jim Cramer Just Discussed As He Shared Why Stocks Are Rising. Applied Materials, Inc. (NASDAQ:AMAT) is one of the stocks Jim Cramer recently discussed.
Applied Materi… [+1983 chars]"
"{'id': None, 'name': 'Yahoo Entertainment'}",Ramish Cheema,"T-Mobile US, Inc. (TMUS) “Has Been A Huge, Huge Winner,” Says Jim Cramer","We recently published 14 Stocks Jim Cramer Discussed As He Talked About Record Bitcoin Price. T-Mobile US, Inc. (NASDAQ:TMUS) is one of the stocks Jim Cramer...",https://finance.yahoo.com/news/t-mobile-us-inc-tmus-051530290.html,https://s.yimg.com/ny/api/res/1.2/8lmGSnF7nqdPequUBGTDKQ--/YXBwaWQ9aGlnaGxhbmRlcjt3PTEyMDA7aD02NzM-/https://media.zenfs.com/en/insidermonkey.com/3c0a71fa6ead3853625822027cd43756,2025-07-17T05:15:30Z,"We recently published 14 Stocks Jim Cramer Discussed As He Talked About Record Bitcoin Price. T-Mobile US, Inc. (NASDAQ:TMUS) is one of the stocks Jim Cramer recently discussed.
T-Mobile US, Inc. (N… [+1999 chars]"
"{'id': None, 'name': 'Yahoo Entertainment'}",Ramish Cheema,"AT&T Inc. (T): I’m Not Against It, But T-Mobile’s Been A Winner, Says Jim Cramer",We recently published 14 Stocks Jim Cramer Discussed As He Talked About Record Bitcoin Price. AT&T Inc. (NYSE:T) is one of the stocks Jim Cramer recently...,https://finance.yahoo.com/news/t-inc-t-m-not-051522049.html,https://media.zenfs.com/en/insidermonkey.com/b59e3def8f182d3e4f871bfc8cc254fe,2025-07-17T05:15:22Z,"We recently published 14 Stocks Jim Cramer Discussed As He Talked About Record Bitcoin Price. AT&amp;T Inc. (NYSE:T) is one of the stocks Jim Cramer recently discussed.
AT&amp;T Inc. (NYSE:T) is a m… [+3912 chars]"
"{'id': None, 'name': 'Globalsecurity.org'}",John Pike,Ukraine Leadership Reshuffle Seen Strengthening Trump Administration Ties,A reshuffling of Ukraine's government and diplomatic corps could improve communication with the United States just as President Donald Trump appears to be pivoting toward the embattled country in its more than three-year war with Russia.,https://www.globalsecurity.org/wmd/library/news/ukraine/2025/07/ukraine-250716-rferl03.htm,,2025-07-17T05:13:08Z,"By Todd Prince July 16, 2025
WASHINGTON, D.C. -- A reshuffling of Ukraine's government and diplomatic corps could improve communication with the United States just as President Donald Trump appears … [+5910 chars]"
"{'id': 'the-times-of-india', 'name': 'The Times of India'}",Ritesh Presswala,PNC Infratech shares rise 5% after emerging as lowest Bidder for NHPC solar power project,"PNC Infratech shares: PNC Infratech has secured a 300 MW solar project and a 150 MW / 600 MWh energy storage system under ISTS norms, as part of a recent tender. The contract was awarded through an online reverse auction conducted on July 15, 2025.",https://economictimes.indiatimes.com/markets/stocks/news/pnc-infratech-shares-rise-5-after-emerging-as-lowest-bidder-for-nhpc-solar-power-project/articleshow/122615439.cms,"https://img.etimg.com/thumb/msid-122615430,width-1200,height-630,imgsize-115888,overlay-etmarkets/articleshow.jpg",2025-07-17T05:12:37Z,Shares of PNC Infratech jumped 5% to Rs 327 in Thursdays trading session after the company announced it had been declared as one of the Lowest (L1) Bidders for a significant renewable energy project … [+1749 chars]
"{'id': None, 'name': 'BusinessLine'}",Akhil Nallamuthu & BL Research Bureau,"Nifty Bank Prediction today – Jul 17, 2025: Price action suggests bearish intraday trend","Nifty Bank index opens higher but declines, with bearish bias; Nifty Bank futures likely to fall further, resistance at 57,300.",https://www.thehindubusinessline.com/portfolio/technical-analysis/nifty-bank-prediction-today-jul-17-2025-price-action-suggests-bearish-intraday-trend/article69821893.ece,https://bl-i.thgim.com/public/incoming/qiyhhy/article69821913.ece/alternates/LANDSCAPE_1200/IMG_PO27_Markets_2_1_7QEA4EGP.jpg,2025-07-17T05:12:07Z,"Nifty Bank index opened todays session slightly higher at 57,232 versus yesterdays close of 57,169. It declined after opening and is currently hovering around 56,950, down 0.4 per cent.
The advance/… [+1543 chars]"
"{'id': None, 'name': 'Yahoo Entertainment'}",Angelica Ballesteros,Super Micro (SMCI) Rallies 6.9% on US $92-Billion AI Investment,"We recently published Lackluster Tuesday? Not for These 10 Stocks on Sky High. Super Micro Computer, Inc. (NASDAQ:SMCI) is one of Tuesday’s top performers...",https://finance.yahoo.com/news/super-micro-smci-rallies-6-051133854.html,https://s.yimg.com/ny/api/res/1.2/RAy9wIiKz_Z8tJii2cLSBQ--/YXBwaWQ9aGlnaGxhbmRlcjt3PTEyMDA7aD02NzM-/https://media.zenfs.com/en/insidermonkey.com/d3570b25b4644d37337745a1eaa233d5,2025-07-17T05:11:33Z,"We recently published Lackluster Tuesday? Not for These 10 Stocks on Sky High. Super Micro Computer, Inc. (NASDAQ:SMCI) is one of Tuesday's top performers.
Super Micro rallied for a second day on Tu… [+1818 chars]"
"{'id': None, 'name': 'Yahoo Entertainment'}",Angelica Ballesteros,Bilibili (BILI) Jumps 7.35% as Wall Street Analyst Turns More Bullish,We recently published Lackluster Tuesday? Not for These 10 Stocks on Sky High. Bilibili Inc. (NASDAQ:BILI) is one of Tuesday’s top performers. Bilibili grew ...,https://finance.yahoo.com/news/bilibili-bili-jumps-7-35-051123854.html,https://s.yimg.com/ny/api/res/1.2/6DnD5gHsCpSA6jjYIPyDPQ--/YXBwaWQ9aGlnaGxhbmRlcjt3PTEyMDA7aD02NzM-/https://media.zenfs.com/en/insidermonkey.com/cdacc747a270ab2dda39e13ddb375154,2025-07-17T05:11:23Z,"We recently published Lackluster Tuesday? Not for These 10 Stocks on Sky High. Bilibili Inc. (NASDAQ:BILI) is one of Tuesday's top performers.
Bilibili grew its share prices by 7.35 percent on Tuesd… [+1681 chars]"
"{'id': None, 'name': 'Motley Fool Australia'}",James Mickleboro,"Forget CBA, Macquarie is tipping a 40% return for this ASX financial stock","Let's see why this stock could be a better buy than Australia's largest bank.
The post Forget CBA, Macquarie is tipping a 40% return for this ASX financial stock appeared first on The Motley Fool Australia.",https://www.fool.com.au/2025/07/17/forget-cba-macquarie-is-tipping-a-40-return-for-this-asx-financial-stock/,https://www.fool.com.au/wp-content/uploads/2023/09/goals-1200x691.jpeg,2025-07-17T05:11:18Z,"If you are wanting some big returns to supercharge your portfolio, then look no further than the ASX financial stock in this article.
That's because the team at Macquarie Group Ltd (ASX: MQG) believ… [+2265 chars]"
"{'id': None, 'name': 'Yahoo Entertainment'}",Angelica Ballesteros,GDS Holdings (GDS) Surges 7.77% on JPMorgan’s Bullish Rating,We recently published Lackluster Tuesday? Not for These 10 Stocks on Sky High. GDS Holdings Limited (NASDAQ:GDS) is one of Tuesday’s top performers. GDS...,https://finance.yahoo.com/news/gds-holdings-gds-surges-7-051112839.html,https://s.yimg.com/ny/api/res/1.2/0MxTbpaDBPWOHOph5mvfHw--/YXBwaWQ9aGlnaGxhbmRlcjt3PTEyMDA7aD02NzM-/https://media.zenfs.com/en/insidermonkey.com/06e527670e9d60e5a28bae014ca4e327,2025-07-17T05:11:12Z,"We recently published Lackluster Tuesday? Not for These 10 Stocks on Sky High. GDS Holdings Limited (NASDAQ:GDS) is one of Tuesday's top performers.
GDS Holdings rallied by 7.77 percent on Tuesday t… [+1696 chars]"
"{'id': 'the-irish-times', 'name': 'The Irish Times'}",Peter Flanagan,Trump ramps up tariff pharma threat,"The best news, analysis and comment from The Irish Times business desk",https://www.irishtimes.com/business/2025/07/17/trump-threatens-pharma-tariffs-and-the-challenge-to-digital-serfdom/,https://www.irishtimes.com/resizer/v2/DL4KQO3ZVIJOHJCUHAACA27U6Y.jpg?smart=true&auth=c146c66880517b30ccb5524590bf92aa569150cbcac6f4fff8751f26babdf5dd&width=1200&height=630,2025-07-17T05:11:10Z,"US President Donald Trump said he was likely to impose tariffs on pharmaceuticals as soon as the end of the month and that levies on semiconductors could come soon as well, suggesting that those impo… [+3790 chars]"
"{'id': 'the-times-of-india', 'name': 'The Times of India'}",ETMarkets.com,Stock market update: Sugar stocks down as market falls,The 30-share BSE Sensex was  down  210.92 points at 82423.56,https://economictimes.indiatimes.com/markets/stocks/stock-watch/stock-market-update-sugar-stocks-down-as-market-falls/articleshow/122615359.cms,"https://img.etimg.com/thumb/msid-77646325,width-1200,height-630,imgsize-71505,overlay-etmarkets/articleshow.jpg",2025-07-17T05:10:54Z,"NEW DELHI: Sugar stocks were trading lower on Thursday at 10:40AM Simbhaoli Sugars Ltd.(up 2.73%), Bannari Amman Sugars Ltd.(up 0.99%), KM Sugar Mills Ltd.(up 0.99%), Magadh Sugar &amp; Energy Ltd.(u… [+1679 chars]"
"{'id': 'the-times-of-india', 'name': 'The Times of India'}",etimes.in,"Rishi Kapoor, cake and chaos at 30,000 feet; Vir Das recalls a hilarious flight moment: ""I want the Bl**dycake!""","Vir Das shared a heartwarming memory of Rishi Kapoor on a recent podcast, recalling a funny incident on a flight. Kapoor, after playfully demanding cake in business class, walked back to economy to greet Das. He reminisced about his career and even ate Vir's …",https://timesofindia.indiatimes.com/entertainment/hindi/bollywood/news/rishi-kapoor-cake-and-chaos-at-30000-feet-vir-das-recalls-a-hilarious-flight-moment-i-want-the-bldycake/articleshow/122615353.cms,"https://static.toiimg.com/thumb/msid-122615330,width-1070,height-580,imgsize-26648,resizemode-75,overlay-toi_sw,pt-32,y_pad-40/photo.jpg",2025-07-17T05:10:43Z,"10 auspicious fish to keep at home for luck, love, and wealth"
"{'id': 'fortune', 'name': 'Fortune'}",Lionel Lim,NTT DC REIT’s flat trading debut shows Singapore’s struggle to revive a ‘lackluster’ stock market,"Singapore has had just three IPOs so far this year. Hong Kong, by comparison, has had more than 40.",https://fortune.com/asia/2025/07/17/ntt-dc-reit-shares-singapore-vs-hong-kong-ipos/,"https://fortune.com/img-assets/wp-content/uploads/2025/07/GettyImages-2224431364-e1752726041340.jpg?resize=1200,600",2025-07-17T05:10:25Z,"NTT DC REITs IPO was supposed to be a shot in the arm for Singapores flagging equity market, decried by analysts as lackluster due to its lack of growth stocks and tiny number of listings. NTTs IPO h… [+5379 chars]"
"{'id': None, 'name': 'Insurance Journal'}",admin,"People Moves: Guy Carpenter Promotes Hakes as Global Head of Marine, Energy, and Technical Lines; Moody’s Names Aquino as Global Co-Head of Insurance","This edition of International People Moves details appointments at Guy Carpenter and Moody’s Ratings. A summary of these new hires follows here. Guy Carpenter Promotes Hakes as Global Head of Marine, Energy, and Technical Lines Guy Carpenter, the reinsurance …",https://www.insurancejournal.com/news/international/2025/07/17/831962.htm,https://www.insurancejournal.com/app/uploads/2021/03/bigstock-teamwork-concept-success-of-business-deal-323990590-scaled.jpg,2025-07-17T05:10:03Z,"This edition of International People Moves details appointments at Guy Carpenter and Moody’s Ratings.
A summary of these new hires follows here.
Guy Carpenter Promotes Hakes as Global Head of Marin… [+2496 chars]"
"{'id': None, 'name': 'Biztoc.com'}",reuters.com,Finland's Nordea slightly beats earnings estimates in 2nd quarter,,https://biztoc.com/x/a7eae7854e04c34f,https://biztoc.com/cdn/a7eae7854e04c34f_s.webp,2025-07-17T05:09:03Z,"{ window.open(this.href, '_blank'); }, 200); return false;""&gt;Why are Meta shareholders suing Mark Zuckerberg? { window.open(this.href, '_blank'); }, 200); return false;""&gt;How will JPMorgan's new … [+783 chars]"
"{'id': None, 'name': 'Biztoc.com'}",reuters.com,Enter the kill zone: Ukraine's drone-infested front slows Russian advance,,https://biztoc.com/x/bdd0ac39083dc7a7,https://biztoc.com/cdn/bdd0ac39083dc7a7_s.webp,2025-07-17T05:09:02Z,"{ window.open(this.href, '_blank'); }, 200); return false;""&gt;Why are Meta shareholders suing Mark Zuckerberg? { window.open(this.href, '_blank'); }, 200); return false;""&gt;How will JPMorgan's new … [+799 chars]"
"{'id': None, 'name': 'Biztoc.com'}",bloomberg.com,EU Support Builds for Its Strongest Trade Tool,,https://biztoc.com/x/b05ec612441822f7,https://biztoc.com/cdn/b05ec612441822f7_s.webp,2025-07-17T05:08:59Z,"{ window.open(this.href, '_blank'); }, 200); return false;""&gt;Why are Meta shareholders suing Mark Zuckerberg? { window.open(this.href, '_blank'); }, 200); return false;""&gt;How will JPMorgan's new … [+772 chars]"
"{'id': None, 'name': 'Biztoc.com'}",reuters.com,European real estate stuck in 'zombieland' as recovery proves elusive,,https://biztoc.com/x/59f0b4053367e477,https://biztoc.com/cdn/59f0b4053367e477_s.webp,2025-07-17T05:08:53Z,"{ window.open(this.href, '_blank'); }, 200); return false;""&gt;Why are Meta shareholders suing Mark Zuckerberg? { window.open(this.href, '_blank'); }, 200); return false;""&gt;How will JPMorgan's new … [+783 chars]"
"{'id': None, 'name': 'Biztoc.com'}",edition.cnn.com,Canadian retail giant scraps $47 billion bid for 7-Eleven owner,,https://biztoc.com/x/b8a05c7fc8daa648,https://biztoc.com/cdn/950/og.png,2025-07-17T05:08:45Z,"{ window.open(this.href, '_blank'); }, 200); return false;""&gt;Why are Meta shareholders suing Mark Zuckerberg? { window.open(this.href, '_blank'); }, 200); return false;""&gt;How will JPMorgan's new … [+769 chars]"
"{'id': None, 'name': 'Biztoc.com'}",bloomberg.com,Five Things to Watch in Commodities as China Targets Overcapacity,,https://biztoc.com/x/61b047fb408be0bc,https://biztoc.com/cdn/61b047fb408be0bc_s.webp,2025-07-17T05:08:43Z,"{ window.open(this.href, '_blank'); }, 200); return false;""&gt;Why are Meta shareholders suing Mark Zuckerberg? { window.open(this.href, '_blank'); }, 200); return false;""&gt;How will JPMorgan's new … [+782 chars]"
"{'id': None, 'name': 'Globalsecurity.org'}",John Pike,US Tariff Threat Raises Stakes For Europe As Trade War Fears Grow,"The United States over the weekend threatened the European Union with 30 percent tariffs, jolting Brussels just as it thought a transatlantic trade deal was close.",https://www.globalsecurity.org/military/library/news/2025/07/mil-250717-rferl01.htm,,2025-07-17T05:08:41Z,"By Rikard Jozwiak July 17, 2025
The United States over the weekend threatened the European Union with 30 percent tariffs, jolting Brussels just as it thought a transatlantic trade deal was close.
T… [+6303 chars]"
"{'id': None, 'name': 'Biztoc.com'}",bloomberg.com,Nordea Earnings Meet Estimates as Lending Income Drop Continues,,https://biztoc.com/x/bc9d66ee4d690ee2,https://biztoc.com/cdn/bc9d66ee4d690ee2_s.webp,2025-07-17T05:08:39Z,"{ window.open(this.href, '_blank'); }, 200); return false;""&gt;Why are Meta shareholders suing Mark Zuckerberg? { window.open(this.href, '_blank'); }, 200); return false;""&gt;How will JPMorgan's new … [+786 chars]"
"{'id': None, 'name': 'Biztoc.com'}",fnlondon.com,Wall Street bosses preach caution after surprise dealmaking rebound,,https://biztoc.com/x/f66f6ea8486c9ccd,https://biztoc.com/cdn/f66f6ea8486c9ccd_s.webp,2025-07-17T05:08:39Z,"{ window.open(this.href, '_blank'); }, 200); return false;""&gt;Why are Meta shareholders suing Mark Zuckerberg? { window.open(this.href, '_blank'); }, 200); return false;""&gt;How will JPMorgan's new … [+774 chars]"
"{'id': None, 'name': 'Biztoc.com'}",apnews.com,Ground squirrels are taking over a North Dakota city and officials are not amused,,https://biztoc.com/x/33fc197cf30479aa,https://biztoc.com/cdn/950/og.png,2025-07-17T05:08:37Z,"{ window.open(this.href, '_blank'); }, 200); return false;""&gt;Why are Meta shareholders suing Mark Zuckerberg? { window.open(this.href, '_blank'); }, 200); return false;""&gt;How will JPMorgan's new … [+773 chars]"
"{'id': None, 'name': 'Biztoc.com'}",axios.com,Teens flock to companion bots despite risks,,https://biztoc.com/x/722d2684185237e2,https://biztoc.com/cdn/950/og.png,2025-07-17T05:08:37Z,"{ window.open(this.href, '_blank'); }, 200); return false;""&gt;Why are Meta shareholders suing Mark Zuckerberg? { window.open(this.href, '_blank'); }, 200); return false;""&gt;How will JPMorgan's new … [+743 chars]"
"{'id': None, 'name': 'Biztoc.com'}",barrons.com,This Pick Withstood the GLP-1 Challenge. Stick With the Stock,,https://biztoc.com/x/5ff50f140e1659d3,https://biztoc.com/cdn/5ff50f140e1659d3_s.webp,2025-07-17T05:08:35Z,"{ window.open(this.href, '_blank'); }, 200); return false;""&gt;Why are Meta shareholders suing Mark Zuckerberg? { window.open(this.href, '_blank'); }, 200); return false;""&gt;How will JPMorgan's new … [+740 chars]"
"{'id': 'abc-news', 'name': 'ABC News'}","SALLY HO Associated Press, CHARLOTTE KRAMON /REPORT FOR AMERICA Associated Press",Trump's proposed HUD time limit puts 1.4M of the nation's poorest renters risk,A Trump administration proposal could put more than a million low-income households at risk of losing their government-subsidized housing,https://abcnews.go.com/Politics/wireStory/14m-nations-poorest-renters-risk-losing-homes-trumps-123823130,https://i.abcnewsfe.com/a/4902aff9-276b-44aa-96e1-46756c706b77/wirestory_1e1896d3e1335ec7552bf3faf5edcefa_16x9.jpg?w=1600,2025-07-17T05:08:32Z,"WOODINVILLE, Wash. -- Havalah Hopkins rarely says no to the chain restaurant catering gigs that send her out to Seattle-area events from church potlucks to office lunches and graduation parties.
The… [+11949 chars]"
"{'id': None, 'name': 'Biztoc.com'}",reuters.com,"China's mixed commodity data sees soft steel, strong iron ore",,https://biztoc.com/x/e2433f53e76f60ed,https://biztoc.com/cdn/e2433f53e76f60ed_s.webp,2025-07-17T05:08:30Z,"{ window.open(this.href, '_blank'); }, 200); return false;""&gt;Why are Meta shareholders suing Mark Zuckerberg? { window.open(this.href, '_blank'); }, 200); return false;""&gt;How will JPMorgan's new … [+777 chars]"
"{'id': None, 'name': 'newsBTC'}",Aayush Jindal,Dogecoin (DOGE) Struggles to Wake Up While Floki Rockets Higher,Dogecoin started a fresh increase above the $0.20 zone against the US Dollar. DOGE is now consolidating and might aim for a move above $0.2120. DOGE price started a fresh increase above the $0.1880 and $0.20 levels. The price is trading above the $0.20 level …,http://www.newsbtc.com/analysis/doge/dogecoin-doge-struggles-0-220/,https://www.newsbtc.com/wp-content/uploads/2025/07/Dogecoin-DOGE.jpg?fit=1792%2C1024,2025-07-17T05:08:11Z,"Aayush Jindal, a luminary in the world of financial markets, whose expertise spans over 15 illustrious years in the realms of Forex and cryptocurrency trading. Renowned for his unparalleled proficien… [+3011 chars]"
"{'id': 'financial-post', 'name': 'Financial Post'}",Bloomberg News,Five Things to Watch in Commodities as China Targets Overcapacity,"Involution, a state of hyper-competition that yields ever-diminishing returns, has become a buzzword for all that ails the Chinese economy — and a distinguishing feature of its commodities markets.",https://financialpost.com/pmn/business-pmn/five-things-to-watch-in-commodities-as-china-targets-overcapacity,https://smartcdn.gprod.postmedia.digital/financialpost/wp-content/uploads/2025/07/chinese-steel-production-output-in-june-dropped-the-most-i.jpg,2025-07-17T05:07:44Z,"(Bloomberg) Involution, a state of hyper-competition that yields ever-diminishing returns, has become a buzzword for all that ails the Chinese economy and a distinguishing feature of its commodities … [+5003 chars]"
"{'id': 'cnn', 'name': 'CNN'}","Simone McCarthy, Olesya Dmitracova",Trump’s plan to cut off Russian oil funds could raise prices for everyone,"US President Donald Trump is trying again to end the war in Ukraine – not by targeting Russia, but by hitting the countries that buy Russia’s oil.",https://www.cnn.com/2025/07/17/business/trump-russian-oil-tariff-threat-china-india-hnk-intl,"https://media.cnn.com/api/v1/images/stellar/prod/gettyimages-2213313114.jpg?c=16x9&q=w_800,c_fill",2025-07-17T05:07:30Z,"US President Donald Trump is trying again to end the war in Ukraine not by targeting Russia, but by hitting the countries that buy Russias oil.
Top of that list? China and India, two of the worlds m… [+9082 chars]"
"{'id': None, 'name': 'The South African'}",Ray Leathern,7 reasons WHY South Africa has an uncompetitive economy,"The World Bank has released a cutting report on South Africa’s uncompetitive economy, and why it’s so challenging to do business here …",https://www.thesouthafrican.com/business/7-reasons-why-south-africa-uncompetitive-economy-2025/,https://www.thesouthafrican.com/wp-content/uploads/2025/07/uncompetitive-economy_31.jpg.webp,2025-07-17T05:06:57Z,"South Africas uncompetitive economy has been hiding in plain sight for years, say many top industry leaders. However, the World Bank has released a new report, explaining exactly why South Africa is … [+2663 chars]"
"{'id': 'the-times-of-india', 'name': 'The Times of India'}",ET Online,"SBI PO Prelims Admit Card 2025 expected soon at sbi.co.in; Check release timeline, exam details, and selection process","State Bank of India (SBI) is likely to release the PO Prelims Admit Card 2025 around the third or fourth week of July. The preliminary exam is tentatively scheduled for August 2025, aiming to fill 541 Probationary Officer vacancies. Registered candidates shou…",https://economictimes.indiatimes.com/news/new-updates/sbi-po-prelims-admit-card-2025-expected-soon-at-sbi-co-in-check-release-timeline-exam-details-and-selection-process/articleshow/122615134.cms,"https://img.etimg.com/thumb/msid-122615168,width-1200,height-630,imgsize-14548,overlay-economictimes/articleshow.jpg",2025-07-17T05:06:42Z,"Investment Ideas
Grow your wealth with stock ideas &amp; sectoral trends.
Stock Reports Plus
Buy low &amp; sell high with access to Stock Score, Upside potential &amp; more. 
BigBull Porfolio
Ge… [+438 chars]"
"{'id': 'abc-news', 'name': 'ABC News'}",STEPHEN GROVES Associated Press,Republican senators caution Trump against firing Fed chair Jerome Powell,Federal Reserve Chair Jerome Powell is gaining some key backing on Capitol Hill from Republican senators,https://abcnews.go.com/Politics/wireStory/republican-senators-caution-trump-firing-fed-chair-jerome-123823121,https://i.abcnewsfe.com/a/8362fae7-c8b7-48b7-9634-628a6c855cb5/wirestory_2b6f104028489d8051d7ac27492298eb_16x9.jpg?w=1600,2025-07-17T05:06:36Z,WASHINGTON -- WASHINGTON (AP) Federal Reserve Chair Jerome Powell is gaining some key backing on Capitol Hill from GOP senators who fear the repercussions if President Donald Trump follows through wi… [+4642 chars]
"{'id': 'the-times-of-india', 'name': 'The Times of India'}",ET Now,Broad-based domestic tailwinds to drive midcap outperformance: Daljeet Kohli,"Daljeet Kohli of Roha Asset Managers LLP expresses strong optimism for the Indian domestic market, citing factors like rate cuts, increased liquidity, and a favorable monsoon. The focus is shifting towards domestic-facing companies, with expectations of a con…",https://economictimes.indiatimes.com/markets/expert-view/broad-based-domestic-tailwinds-to-drive-midcap-outperformance-daljeet-kohli/articleshow/122614981.cms,"https://img.etimg.com/thumb/msid-122615052,width-1200,height-630,imgsize-3648,overlay-etmarkets/articleshow.jpg",2025-07-17T05:06:25Z,"""As regards on the domestic front, we are very bullish. We had released a note 15-20 days back where we had said that there is a confluence of four-five factors which is happening at the same time an… [+5058 chars]"
"{'id': None, 'name': 'Israelnationalnews.com'}",Israel National News,Netanyahu facing demands to appoint new ministers after haredi parties quit gov't,"Following Shas and United Torah Judaism's withdrawal from the government, Likud ministers are requesting upgraded roles, other coalition partners are requesting the evacuated positions.",https://www.israelnationalnews.com/news/411800,https://2.a7.org/files/pictures/000/1133812.jpg,2025-07-17T05:05:58Z,"After the withdrawal of the haredi Shas and United Torah Judaism parties from the government, Likud ministers are demanding that Prime Minister Benjamin Netanyahu upgrade their roles, while parties t… [+1583 chars]"
"{'id': 'the-times-of-india', 'name': 'The Times of India'}",ETMarkets.com,Stock market update: Nifty Pharma index advances 0.27% in a weak market,The Nifty Pharma index was trading 0.27 per cent  up  at 22655.9.,https://economictimes.indiatimes.com/markets/stocks/stock-watch/stock-market-update-nifty-pharma-index-advances-0-27-in-a-weak-market/articleshow/122615127.cms,"https://img.etimg.com/thumb/msid-83804572,width-1200,height-630,imgsize-297423,overlay-etmarkets/articleshow.jpg",2025-07-17T05:05:39Z,"NEW DELHI: The Nifty Pharma index traded positive around 10:35AM(IST)on Thursday in a weak market. Natco Pharma Ltd.(up 2.64 per cent), Torrent Pharmaceuticals Ltd.(up 1.55 per cent), Zydus Lifescien… [+1195 chars]"
"{'id': None, 'name': 'CNBC'}",Holly Ellyatt,"European markets on Thurs July 17: Stoxx 600, DAX, CAC, FTSE","European markets on Thurs July 17: Stoxx 600, DAX, CAC, FTSEcnbc.com",https://www.cnbc.com/2025/07/17/european-markets-on-thurs-july-17-stoxx-600-dax-cac-ftse.html,https://image.cnbcfm.com/api/v1/image/108173147-1752726186347-gettyimages-2206743527-dsc_3171_gvanxnrz.jpeg?v=1752726200&w=1920&h=1080,2025-07-17T05:05:17Z,"Good morning from London, and welcome to CNBC's live blog covering all the action and business news in European financial markets on Thursday.
Futures data from IG suggest a higher open for European… [+705 chars]"
"{'id': None, 'name': 'Insurance Journal'}",Admin,Insurance Supervisors’ Group Seeks Collaboration to Cover Disaster Losses,"Collaboration between the public and private sectors, beyond just insurance, is essential to narrowing the so-called protection gap, as losses from natural disasters increase, said the head of a global insurance supervisors’ organization. The protection gap r…",https://www.insurancejournal.com/news/international/2025/07/17/831931.htm,https://www.insurancejournal.com/app/uploads/2025/07/homes-surrounded-by-flood-waters-in-sargent-texas-bloomberg-scaled.jpg,2025-07-17T05:05:05Z,"Collaboration between the public and private sectors, beyond just insurance, is essential to narrowing the so-called protection gap, as losses from natural disasters increase, said the head of a glob… [+4009 chars]"
"{'id': None, 'name': 'GlobeNewswire'}",Novartis Pharma  AG,"Novartis Appoints Mukul Mehta as Chief Financial Officer, as Harry Kirsch Retires after 22 Years with the Company","Ad hoc announcement pursuant to Art. 53 LR   Mukul Mehta, currently Head of Business Planning and Analysis (BPA), Digital Finance and Tax, has been......",https://www.globenewswire.com/news-release/2025/07/17/3116955/0/en/Novartis-Appoints-Mukul-Mehta-as-Chief-Financial-Officer-as-Harry-Kirsch-Retires-after-22-Years-with-the-Company.html,https://ml-eu.globenewswire.com/Resource/Download/5d242013-5d1f-440c-8ba6-3b5d3799b035,2025-07-17T05:05:00Z,"Ad hoc announcement pursuant to Art. 53 LR
<ul><li>Mukul Mehta, currently Head of Business Planning and Analysis (BPA), Digital Finance and Tax, has been appointed Chief Financial Officer, effective… [+6000 chars]"
"{'id': None, 'name': 'ETF Daily News'}",MarketBeat News,Brokerages Set Canadian Natural Resources Limited (NYSE:CNQ) Target Price at $63.00,"Canadian Natural Resources Limited (NYSE:CNQ – Get Free Report) (TSE:CNQ) has received a consensus rating of “Moderate Buy” from the six brokerages that are presently covering the company, Marketbeat Ratings reports. Two research analysts have rated the stock…",https://www.etfdailynews.com/2025/07/17/brokerages-set-canadian-natural-resources-limited-nysecnq-target-price-at-63-00/,https://www.americanbankingnews.com/wp-content/timthumb/timthumb.php?src=https://www.marketbeat.com/logos/canadian-natural-resources-limited-logo-1200x675.png?v=20231226132212&w=240&h=240&zc=2,2025-07-17T05:03:06Z,"Canadian Natural Resources Limited (NYSE:CNQ – Get Free Report) (TSE:CNQ) has received a consensus rating of “Moderate Buy” from the six brokerages that are presently covering the company, Marketbeat… [+4851 chars]"
"{'id': None, 'name': 'ETF Daily News'}",MarketBeat News,Ducommun Incorporated (NYSE:DCO) Receives $94.67 Average Price Target from Brokerages,"Ducommun Incorporated (NYSE:DCO – Get Free Report) has earned a consensus recommendation of “Buy” from the five ratings firms that are covering the stock, MarketBeat reports. Five research analysts have rated the stock with a buy recommendation. The average 1…",https://www.etfdailynews.com/2025/07/17/ducommun-incorporated-nysedco-receives-94-67-average-price-target-from-brokerages/,https://www.americanbankingnews.com/wp-content/timthumb/timthumb.php?src=https://www.marketbeat.com/logos/ducommun-incorporated-logo-1200x675.jpg?v=20221209103807&w=240&h=240&zc=2,2025-07-17T05:03:06Z,"Ducommun Incorporated (NYSE:DCO – Get Free Report) has earned a consensus recommendation of “Buy” from the five ratings firms that are covering the stock, MarketBeat reports. Five research analysts h… [+4561 chars]"
"{'id': None, 'name': 'ETF Daily News'}",MarketBeat News,Tidewater Inc. (NYSE:TDW) Receives $69.33 Average PT from Brokerages,"Shares of Tidewater Inc. (NYSE:TDW – Get Free Report) have earned an average rating of “Hold” from the five analysts that are presently covering the stock, Marketbeat reports. Three investment analysts have rated the stock with a hold recommendation and two h…",https://www.etfdailynews.com/2025/07/17/tidewater-inc-nysetdw-receives-69-33-average-pt-from-brokerages/,https://www.americanbankingnews.com/wp-content/timthumb/timthumb.php?src=https://www.marketbeat.com/logos/tidewater-inc-logo-1200x675.png?v=20221129151036&w=240&h=240&zc=2,2025-07-17T05:03:06Z,"Shares of Tidewater Inc. (NYSE:TDW – Get Free Report) have earned an average rating of “Hold” from the five analysts that are presently covering the stock, Marketbeat reports. Three investment analys… [+5065 chars]"
"{'id': None, 'name': 'ETF Daily News'}",MarketBeat News,Aviva PLC (OTCMKTS:AVVIY) Given Average Rating of “Buy” by Analysts,"Aviva PLC (OTCMKTS:AVVIY – Get Free Report) has received an average rating of “Buy” from the four research firms that are presently covering the firm, Marketbeat reports. Two research analysts have rated the stock with a hold recommendation and two have issue…",https://www.etfdailynews.com/2025/07/17/aviva-plc-otcmktsavviy-given-average-rating-of-buy-by-analysts/,https://www.americanbankingnews.com/wp-content/timthumb/timthumb.php?src=https://www.marketbeat.com/logos/aviva-plc-logo-1200x675.png&w=240&h=240&zc=2,2025-07-17T05:03:06Z,"Aviva PLC (OTCMKTS:AVVIY – Get Free Report) has received an average rating of “Buy” from the four research firms that are presently covering the firm, Marketbeat reports. Two research analysts have r… [+1259 chars]"
"{'id': None, 'name': 'ETF Daily News'}",MarketBeat News,Brokerages Set EchoStar Corporation (NASDAQ:SATS) PT at $24.70,"EchoStar Corporation (NASDAQ:SATS – Get Free Report) has earned a consensus recommendation of “Hold” from the six brokerages that are currently covering the stock, Marketbeat reports. One investment analyst has rated the stock with a sell rating, four have is…",https://www.etfdailynews.com/2025/07/17/brokerages-set-echostar-corporation-nasdaqsats-pt-at-24-70/,https://www.americanbankingnews.com/wp-content/timthumb/timthumb.php?src=https://www.marketbeat.com/logos/echostar-co-logo-1200x675.jpg&w=240&h=240&zc=2,2025-07-17T05:03:06Z,"EchoStar Corporation (NASDAQ:SATS – Get Free Report) has earned a consensus recommendation of “Hold” from the six brokerages that are currently covering the stock, Marketbeat reports. One investment … [+3935 chars]"
"{'id': None, 'name': 'ETF Daily News'}",MarketBeat News,"LGI Homes, Inc. (NASDAQ:LGIH) Receives $93.33 Average Price Target from Brokerages","LGI Homes, Inc. (NASDAQ:LGIH – Get Free Report) has earned an average rating of “Hold” from the four ratings firms that are currently covering the firm, MarketBeat Ratings reports. One analyst has rated the stock with a sell rating, two have issued a hold rat…",https://www.etfdailynews.com/2025/07/17/lgi-homes-inc-nasdaqlgih-receives-93-33-average-price-target-from-brokerages/,https://www.americanbankingnews.com/wp-content/timthumb/timthumb.php?src=https://www.marketbeat.com/logos/lgi-homes-inc-logo-1200x675.jpg&w=240&h=240&zc=2,2025-07-17T05:03:05Z,"LGI Homes, Inc. (NASDAQ:LGIH – Get Free Report) has earned an average rating of “Hold” from the four ratings firms that are currently covering the firm, MarketBeat Ratings reports. One analyst has ra… [+4263 chars]"
"{'id': None, 'name': 'ETF Daily News'}",MarketBeat News,BE Semiconductor Industries NV (OTCMKTS:BESIY) Receives Average Rating of “Moderate Buy” from Analysts,"Shares of BE Semiconductor Industries NV (OTCMKTS:BESIY – Get Free Report) have received a consensus recommendation of “Moderate Buy” from the seven analysts that are covering the stock, Marketbeat reports. Four investment analysts have rated the stock with a…",https://www.etfdailynews.com/2025/07/17/be-semiconductor-industries-nv-otcmktsbesiy-receives-average-rating-of-moderate-buy-from-analysts/,https://www.americanbankingnews.com/wp-content/timthumb/timthumb.php?src=https://www.marketbeat.com/logos/besi-logo-1200x675.jpg&w=240&h=240&zc=2,2025-07-17T05:03:05Z,"Shares of BE Semiconductor Industries NV (OTCMKTS:BESIY – Get Free Report) have received a consensus recommendation of “Moderate Buy” from the seven analysts that are covering the stock, Marketbeat r… [+2679 chars]"
"{'id': None, 'name': 'ETF Daily News'}",MarketBeat News,Teck Resources Ltd. (TSE:TCK) Receives Average Recommendation of “Moderate Buy” from Brokerages,"Teck Resources Ltd. (TSE:TCK – Get Free Report) has received an average recommendation of “Moderate Buy” from the six analysts that are presently covering the firm, Marketbeat Ratings reports. Four equities research analysts have rated the stock with a hold r…",https://www.etfdailynews.com/2025/07/17/teck-resources-ltd-tsetck-receives-average-recommendation-of-moderate-buy-from-brokerages/,https://www.americanbankingnews.com/wp-content/timthumb/timthumb.php?src=https://www.marketbeat.com/logos/teck-resources-ltd-logo-1200x675.png?v=20211208073058&w=240&h=240&zc=2,2025-07-17T05:03:04Z,"Teck Resources Ltd. (TSE:TCK – Get Free Report) has received an average recommendation of “Moderate Buy” from the six analysts that are presently covering the firm, Marketbeat Ratings reports. Four e… [+1062 chars]"
"{'id': None, 'name': 'ETF Daily News'}",MarketBeat News,"Brokerages Set Akebia Therapeutics, Inc. (NASDAQ:AKBA) Price Target at $6.75","Akebia Therapeutics, Inc. (NASDAQ:AKBA – Get Free Report) has been assigned an average recommendation of “Buy” from the five brokerages that are currently covering the company, MarketBeat Ratings reports. Four research analysts have rated the stock with a buy…",https://www.etfdailynews.com/2025/07/17/brokerages-set-akebia-therapeutics-inc-nasdaqakba-price-target-at-6-75/,https://www.americanbankingnews.com/wp-content/timthumb/timthumb.php?src=https://www.marketbeat.com/logos/akebia-therapeutics-inc-logo-1200x675.png?v=20221223110418&w=240&h=240&zc=2,2025-07-17T05:03:04Z,"Akebia Therapeutics, Inc. (NASDAQ:AKBA – Get Free Report) has been assigned an average recommendation of “Buy” from the five brokerages that are currently covering the company, MarketBeat Ratings rep… [+5254 chars]"
"{'id': None, 'name': 'ETF Daily News'}",MarketBeat News,Melco Resorts & Entertainment Limited (NASDAQ:MLCO) Receives $7.90 Consensus Target Price from Analysts,"Shares of Melco Resorts & Entertainment Limited (NASDAQ:MLCO – Get Free Report) have been assigned a consensus rating of “Moderate Buy” from the six ratings firms that are covering the stock, MarketBeat Ratings reports. One research analyst has rated the stoc…",https://www.etfdailynews.com/2025/07/17/melco-resorts-entertainment-limited-nasdaqmlco-receives-7-90-consensus-target-price-from-analysts/,https://www.americanbankingnews.com/wp-content/timthumb/timthumb.php?src=https://www.marketbeat.com/logos/melco-resorts--entertainment-limited-logo-1200x675.jpg?v=20221118141226&w=240&h=240&zc=2,2025-07-17T05:03:04Z,"Shares of Melco Resorts &amp; Entertainment Limited (NASDAQ:MLCO – Get Free Report) have been assigned a consensus rating of “Moderate Buy” from the six ratings firms that are covering the stock, Mar… [+4656 chars]"
"{'id': None, 'name': 'ETF Daily News'}",MarketBeat News,"Franklin BSP Realty Trust, Inc. (NYSE:FBRT) Receives $15.30 Average Target Price from Analysts","Franklin BSP Realty Trust, Inc. (NYSE:FBRT – Get Free Report) has earned a consensus rating of “Buy” from the seven research firms that are currently covering the firm, Marketbeat.com reports. Five analysts have rated the stock with a buy recommendation and t…",https://www.etfdailynews.com/2025/07/17/franklin-bsp-realty-trust-inc-nysefbrt-receives-15-30-average-target-price-from-analysts/,https://www.americanbankingnews.com/wp-content/timthumb/timthumb.php?src=https://www.marketbeat.com/logos/franklin-bsp-realty-trust-inc-logo-1200x675.png?v=20211207110542&w=240&h=240&zc=2,2025-07-17T05:03:03Z,"Franklin BSP Realty Trust, Inc. (NYSE:FBRT – Get Free Report) has earned a consensus rating of “Buy” from the seven research firms that are currently covering the firm, Marketbeat.com reports. Five a… [+4225 chars]"
"{'id': None, 'name': 'ETF Daily News'}",MarketBeat News,Comparing TIX (OTCMKTS:TIXC) & Target Hospitality (NASDAQ:TH),"TIX (OTCMKTS:TIXC – Get Free Report) and Target Hospitality (NASDAQ:TH – Get Free Report) are both consumer discretionary companies, but which is the better stock? We will compare the two businesses based on the strength of their institutional ownership, risk…",https://www.etfdailynews.com/2025/07/17/comparing-tix-otcmktstixc-target-hospitality-nasdaqth/,https://www.americanbankingnews.com/wp-content/timthumb/timthumb.php?src=https://www.marketbeat.com/logos/target-hospitality-corp-logo-1200x675.png?v=20221129190154&w=240&h=240&zc=2,2025-07-17T05:03:02Z,"TIX (OTCMKTS:TIXC – Get Free Report) and Target Hospitality (NASDAQ:TH – Get Free Report) are both consumer discretionary companies, but which is the better stock? We will compare the two businesses … [+4704 chars]"
"{'id': None, 'name': 'ETF Daily News'}",MarketBeat News,Comparing Horiba (OTCMKTS:HRIBF) and Hillenbrand (NYSE:HI),"Hillenbrand (NYSE:HI – Get Free Report) and Horiba (OTCMKTS:HRIBF – Get Free Report) are both industrials companies, but which is the superior business? We will compare the two businesses based on the strength of their dividends, earnings, profitability, valu…",https://www.etfdailynews.com/2025/07/17/comparing-horiba-otcmktshribf-and-hillenbrand-nysehi/,https://www.americanbankingnews.com/wp-content/timthumb/timthumb.php?src=https://www.marketbeat.com/logos/horiba-ltd-logo-1200x675.jpg&w=240&h=240&zc=2,2025-07-17T05:03:01Z,"Hillenbrand (NYSE:HI – Get Free Report) and Horiba (OTCMKTS:HRIBF – Get Free Report) are both industrials companies, but which is the superior business? We will compare the two businesses based on th… [+6092 chars]"
"{'id': None, 'name': 'ETF Daily News'}",MarketBeat News,Karman Holdings Inc. (NYSE:KRMN) Receives $49.25 Average Price Target from Analysts,"Karman Holdings Inc. (NYSE:KRMN – Get Free Report) has been assigned an average recommendation of “Buy” from the six ratings firms that are presently covering the firm, MarketBeat reports. Five analysts have rated the stock with a buy rating and one has issue…",https://www.etfdailynews.com/2025/07/17/karman-holdings-inc-nysekrmn-receives-49-25-average-price-target-from-analysts/,https://www.americanbankingnews.com/wp-content/timthumb/timthumb.php?src=https://www.marketbeat.com/logos/karman-holdings-inc-logo-1200x675.jpg?v=20250303125928&w=240&h=240&zc=2,2025-07-17T05:03:01Z,"Karman Holdings Inc. (NYSE:KRMN – Get Free Report) has been assigned an average recommendation of “Buy” from the six ratings firms that are presently covering the firm, MarketBeat reports. Five analy… [+2884 chars]"
"{'id': None, 'name': 'ETF Daily News'}",MarketBeat News,"Brokerages Set StandardAero, Inc. (NYSE:SARO) Target Price at $34.67","Shares of StandardAero, Inc. (NYSE:SARO – Get Free Report) have earned an average rating of “Moderate Buy” from the nine research firms that are currently covering the stock, Marketbeat Ratings reports. Three analysts have rated the stock with a hold rating, …",https://www.etfdailynews.com/2025/07/17/brokerages-set-standardaero-inc-nysesaro-target-price-at-34-67/,https://www.americanbankingnews.com/wp-content/timthumb/timthumb.php?src=https://www.marketbeat.com/logos/standardaero-inc-logo-1200x675.jpg?v=20241216115636&w=240&h=240&zc=2,2025-07-17T05:03:01Z,"Shares of StandardAero, Inc. (NYSE:SARO – Get Free Report) have earned an average rating of “Moderate Buy” from the nine research firms that are currently covering the stock, Marketbeat Ratings repor… [+4198 chars]"
"{'id': None, 'name': 'ETF Daily News'}",MarketBeat News,Brokerages Set Pilgrim’s Pride Corporation (NASDAQ:PPC) PT at $48.67,"Shares of Pilgrim’s Pride Corporation (NASDAQ:PPC – Get Free Report) have been given a consensus rating of “Hold” by the seven ratings firms that are presently covering the company, MarketBeat.com reports. Six investment analysts have rated the stock with a h…",https://www.etfdailynews.com/2025/07/17/brokerages-set-pilgrims-pride-corporation-nasdaqppc-pt-at-48-67/,https://www.americanbankingnews.com/wp-content/timthumb/timthumb.php?src=https://www.marketbeat.com/logos/pilgrims-pride-co-logo-1200x675.png?v=20240521114606&w=240&h=240&zc=2,2025-07-17T05:03:01Z,"Shares of Pilgrim’s Pride Corporation (NASDAQ:PPC – Get Free Report) have been given a consensus rating of “Hold” by the seven ratings firms that are presently covering the company, MarketBeat.com re… [+3943 chars]"
"{'id': None, 'name': 'ETF Daily News'}",MarketBeat News,Nidec (NJDCY) & Its Rivals Head-To-Head Comparison,"Earnings & Valuation This table compares Nidec and its peers top-line revenue, earnings per share and valuation. Gross Revenue Net Income Price/Earnings Ratio Nidec $17.12 billion $1.11 billion 19.17 Nidec Competitors $2.48 billion $167.53 million 35.12 Nidec…",https://www.etfdailynews.com/2025/07/17/nidec-njdcy-its-rivals-head-to-head-comparison/,https://www.americanbankingnews.com/wp-content/timthumb/timthumb.php?src=https://www.marketbeat.com/logos/nidec-co-logo-1200x675.gif&w=240&h=240&zc=2,2025-07-17T05:03:01Z,"Earnings &amp; Valuation
This table compares Nidec and its peers top-line revenue, earnings per share and valuation.
<table><tr><td></td><td>Gross Revenue</td><td>Net Income</td><td>Price/Earnings … [+3089 chars]"
"{'id': None, 'name': 'ETF Daily News'}",MarketBeat News,Critical Review: Verve Therapeutics (NASDAQ:VERV) & Elite Pharmaceuticals (OTCMKTS:ELTP),"Verve Therapeutics (NASDAQ:VERV – Get Free Report) and Elite Pharmaceuticals (OTCMKTS:ELTP – Get Free Report) are both small-cap medical companies, but which is the better stock? We will compare the two businesses based on the strength of their profitability,…",https://www.etfdailynews.com/2025/07/17/critical-review-verve-therapeutics-nasdaqverv-elite-pharmaceuticals-otcmktseltp/,https://www.americanbankingnews.com/wp-content/timthumb/timthumb.php?src=https://www.marketbeat.com/logos/elite-pharmaceuticals-inc-logo-1200x675.png?v=20241108125419&w=240&h=240&zc=2,2025-07-17T05:03:01Z,"Verve Therapeutics (NASDAQ:VERV – Get Free Report) and Elite Pharmaceuticals (OTCMKTS:ELTP – Get Free Report) are both small-cap medical companies, but which is the better stock? We will compare the … [+6169 chars]"
"{'id': None, 'name': 'ETF Daily News'}",MarketBeat News,Comparing Escalon Medical (OTCMKTS:ESMC) & Lifevantage (NASDAQ:LFVN),"Escalon Medical (OTCMKTS:ESMC – Get Free Report) and Lifevantage (NASDAQ:LFVN – Get Free Report) are both small-cap medical companies, but which is the better stock? We will compare the two businesses based on the strength of their analyst recommendations, pr…",https://www.etfdailynews.com/2025/07/17/comparing-escalon-medical-otcmktsesmc-lifevantage-nasdaqlfvn/,https://www.americanbankingnews.com/wp-content/timthumb/timthumb.php?src=https://www.marketbeat.com/logos/lifevantage-co-logo-1200x675.jpg?v=20230106141556&w=240&h=240&zc=2,2025-07-17T05:03:00Z,"Escalon Medical (OTCMKTS:ESMC – Get Free Report) and Lifevantage (NASDAQ:LFVN – Get Free Report) are both small-cap medical companies, but which is the better stock? We will compare the two businesse… [+6204 chars]"
"{'id': None, 'name': 'ETF Daily News'}",MarketBeat News,Comparing Big Rock Brewery (BRBMF) & Its Peers,"Volatility & Risk Big Rock Brewery has a beta of -0.63, suggesting that its stock price is 163% less volatile than the S&P 500. Comparatively, Big Rock Brewery’s rivals have a beta of 1.58, suggesting that their average stock price is 58% more volatile than t…",https://www.etfdailynews.com/2025/07/17/comparing-big-rock-brewery-brbmf-its-peers/,https://www.americanbankingnews.com/wp-content/timthumb/timthumb.php?src=https://www.marketbeat.com/logos/big-rock-brewery-inc-logo-1200x675.png&w=240&h=240&zc=2,2025-07-17T05:02:57Z,"Volatility &amp; Risk
Big Rock Brewery has a beta of -0.63, suggesting that its stock price is 163% less volatile than the S&amp;P 500. Comparatively, Big Rock Brewery’s rivals have a beta of 1.58, … [+2888 chars]"
"{'id': None, 'name': 'ETF Daily News'}",MarketBeat News,Comparing Agrify (NASDAQ:AGFY) & CPI Card Group (NASDAQ:PMTS),"CPI Card Group (NASDAQ:PMTS – Get Free Report) and Agrify (NASDAQ:AGFY – Get Free Report) are both small-cap business services companies, but which is the superior stock? We will contrast the two companies based on the strength of their valuation, earnings, a…",https://www.etfdailynews.com/2025/07/17/comparing-agrify-nasdaqagfy-cpi-card-group-nasdaqpmts/,https://www.americanbankingnews.com/wp-content/timthumb/timthumb.php?src=https://www.marketbeat.com/logos/agrify-co-logo-1200x675.png?v=20210428062103&w=240&h=240&zc=2,2025-07-17T05:02:57Z,"CPI Card Group (NASDAQ:PMTS – Get Free Report) and Agrify (NASDAQ:AGFY – Get Free Report) are both small-cap business services companies, but which is the superior stock? We will contrast the two com… [+5464 chars]"
"{'id': 'the-times-of-india', 'name': 'The Times of India'}",ETMarkets.com,Stock market update: Nifty Auto index advances 0.3% in a weak market,The Nifty Auto index was trading 0.3 per cent  up  at 24083.5.,https://economictimes.indiatimes.com/markets/stocks/stock-watch/stock-market-update-nifty-auto-index-advances-0-3-in-a-weak-market/articleshow/122614887.cms,"https://img.etimg.com/thumb/msid-83608600,width-1200,height-630,imgsize-23742,overlay-etmarkets/articleshow.jpg",2025-07-17T05:00:25Z,"NEW DELHI: The Nifty Auto index traded positive around 10:30AM(IST)on Thursday in a weak market. Balkrishna Industries Ltd.(up 3.1 per cent), Tube Investments of India Ltd.(up 0.91 per cent), Tata Mo… [+1165 chars]"
"{'id': None, 'name': 'Hackaday'}",Bryan Cockfield,Vintage Hardware Find Includes Time Capsule of Data,"Before social media brought the Internet to the masses, and before even Napster, ICQ, and AIM gave those with a phone line a reason to connect online at all, those who went online often went to a B…",https://hackaday.com/2025/07/16/vintage-hardware-find-includes-time-capsule-of-data/,https://hackaday.com/wp-content/uploads/2025/07/italian-bbs-main.png,2025-07-17T05:00:24Z,"Before social media brought the Internet to the masses, and before even Napster, ICQ, and AIM gave those with a phone line a reason to connect online at all, those who went online often went to a BBS… [+1312 chars]"
"{'id': 'the-irish-times', 'name': 'The Irish Times'}",Finn McRedmond,Finn McRedmond: Ireland is learning what Britain has already discovered - the status quo doesn’t always endure,"Just like Britain was left staring into the abyss after Brexit, Ireland is wondering why we ever left the economy so vulnerable to the whims of an irrational actor like Trump",https://www.irishtimes.com/opinion/2025/07/17/ireland-is-learning-what-britain-has-already-discovered-the-status-quo-doesnt-always-endure/,https://www.irishtimes.com/resizer/v2/5SRZ6VMF2NDI5LPZNV2TXNWHYY.jpg?smart=true&auth=fa6057b7e1deb7832c621df24656ecb85e91259e9f18e867198af116f0e6638b&width=1200&height=630,2025-07-17T05:00:01Z,"Last weekend, I did my best impression of a Shire Tory. I was at Henley Regatta, the worlds most prestigious rowing competition (spectating, not participating). The town Henley-on-Thames is a bit lik… [+4622 chars]"
"{'id': 'the-irish-times', 'name': 'The Irish Times'}",Neil McDonnell,Opinion: The law is deeply flawed when a retailer who asks a customer for ID can be sued for defamation,"On legal advice, many retailers now operate a “no challenge” policy towards suspected shoplifters. This has to change",https://www.irishtimes.com/opinion/2025/07/17/opinion-the-law-is-deeply-flawed-when-a-retailer-who-asks-a-customer-for-id-can-be-sued-for-defamation/,https://www.irishtimes.com/resizer/v2/5XYAUA7XAPJ2ZSG3JQFTMDQAYE.jpg?smart=true&auth=d1ece5fba4a72af1ab6079e4a50f3319ba3ae1f6ba53802d727367526dc63b70&width=1200&height=630,2025-07-17T05:00:01Z,"The Defamation (Amendment) Bill 2024 reaches Seanad third stage on Thursday at 11.45am. High Noon.
So far, this deeply flawed Bill has sailed through the Dáil and Seanad, unperturbed by anything oth… [+5644 chars]"
"{'id': 'the-irish-times', 'name': 'The Irish Times'}",Newton Emerson,Newton Emerson: A tricky question on breakfast TV for Mary Lou McDonald,The message to the British public is 'let us take his expensive burden off your hands' while to the Republic it’s that reunification will be almost painless,https://www.irishtimes.com/opinion/2025/07/17/newton-emerson-a-tricky-question-on-breakfast-tv-for-mary-lou-mcdonald/,https://www.irishtimes.com/resizer/v2/QQMCUWHEENJ3LCYF2ULC7QKROA.jpg?smart=true&auth=0e27823c3465273844571c6c04b4c1e29aaa56a1e59c1d15b827530a22e42164&width=1200&height=630,2025-07-17T05:00:01Z,"Does the island of Ireland contain two badly-run economies or one, or none? The question arises following Mary Lou McDonalds appearance on Mondays Good Morning Britain on ITV.
After calling for a un… [+4953 chars]"
"{'id': 'the-irish-times', 'name': 'The Irish Times'}",Richard Cantillon,"Trump pulls back on firing Powell, again",US president still appears likely to try to oust Fed chairman eventually,https://www.irishtimes.com/business/2025/07/17/trump-pulls-back-on-firing-powell-again/,https://www.irishtimes.com/resizer/v2/PTMZ5WU2PBLD7TBCH6OXE2KTDI.jpg?smart=true&auth=7160a8677d746374a2fb7c57d29d1f51613a9be579c15f91ff9ac9d9d0d60ec7&width=1200&height=630,2025-07-17T05:00:01Z,"If it didnt seem inevitable before Wednesday, it does now.
US president Donald Trump has insulted and pushed Federal Reserve president Jerome Powell almost since the day he returned to office, deman… [+1931 chars]"
"{'id': 'the-irish-times', 'name': 'The Irish Times'}",Joe Brennan,"Bank of Ireland raises Irish economic growth estimates, with one big caveat",Forecasts assume pharmaceuticals would be exempt from threatened US tariffs,https://www.irishtimes.com/business/2025/07/17/bank-of-ireland-raises-irish-economic-growth-estimates-with-one-big-caveat/,https://www.irishtimes.com/resizer/v2/YX4UTGKPZ64WHOFCIYRXGOO7LM.jpg?smart=true&auth=530fdb51e1ea5e4cd3d94106f6f740b273983f49352b11771ff42158b3c7b172&width=1200&height=630,2025-07-17T05:00:01Z,"Bank of Ireland has raised its Irish economic growth estimates, amid surging exports and investment spending. 
However, it has applied a major caveat: that US president Donald Trump will abandon his… [+2651 chars]"
"{'id': None, 'name': 'Hhhistory.com'}",Jubileewriter,The Evolution and Struggles of Farmers Markets in America,"Today I thought it would be fun to explore the origin of farmers markets in America. Grant it, farmers and artisans selling their wa...",https://www.hhhistory.com/2025/07/the-evolution-and-struggles-of-farmers.html,https://blogger.googleusercontent.com/img/b/R29vZ2xl/AVvXsEgctLvAK5rwHzwmRvUNuJzJhQp6FysQDUdlLw7VzXSRSgHVvB-s_Cepx-WaShHCMC_tmXUCh4dchyphenhyphenYx1Qv6wD1vLQM7zFby78wROMW9e5gYqK5UTCSrfrGHvyO7kHX9crLuJhHWdo6aNdgfBR0D4YzoEL7P-YSQh3r2VKW3lPT4ZHtUNGd8JNrQL4LeDmE/w1200-h630-p-k-no-nu/Cindy%20blog%20banner(5).png,2025-07-17T05:00:00Z,"Today
I thought it would be fun to explore the origin of farmers markets in America.
Grant it, farmers and artisans selling their wares in open markets goes back to
ancient times globally. For this b… [+5933 chars]"
"{'id': None, 'name': 'GlobeNewswire'}",Verkkokauppa.com Oyj,Verkkokauppa.com Oyj: Strong performance in a cautiously recovering market,HALF-YEAR REPORT for 1 January – 30 June 2025  Verkkokauppa.com Oyj: Strong performance in a cautiously recovering market  Verkkokauppa.com......,https://www.globenewswire.com/news-release/2025/07/17/3116950/0/en/Verkkokauppa-com-Oyj-Strong-performance-in-a-cautiously-recovering-market.html,https://ml-eu.globenewswire.com/Resource/Download/1add0bfe-8c33-4f5b-9225-66e63b2643af,2025-07-17T05:00:00Z,"HALF-YEARREPORTfor 1January30June 2025
Verkkokauppa.comOyj:Strongperformanceinacautiouslyrecoveringmarket
Verkkokauppa.com Oyj        HALF-YEAR REPORT 17 July 2025, 8:00 a.m. EET
Unless otherwise … [+33045 chars]"
